approach,fold,metric,num_solvers_in_schedule,result,scenario_name
sbs,1.0,par10,,13141.6,CPMP-2015
sbs,1.0,number_unsolved_instances_False,,0.36,CPMP-2015
sbs,1.0,number_unsolved_instances_True,,0.36,CPMP-2015
oracle,1.0,par10,,143.76,CSP-2010
sbs,1.0,par10,,1851.56,CSP-2010
sbs,1.0,number_unsolved_instances_False,,0.03,CSP-2010
sbs,1.0,number_unsolved_instances_True,,0.03,CSP-2010
oracle,1.0,par10,,24.1,CSP-Minizinc-Time-2016
sbs,1.0,par10,,9423.99,BNSL-2016
sbs,1.0,par10,,1519.13,CSP-Minizinc-Time-2016
sbs,1.0,number_unsolved_instances_False,,0.13,BNSL-2016
sbs,1.0,number_unsolved_instances_False,,0.12,CSP-Minizinc-Time-2016
sbs,1.0,number_unsolved_instances_True,,0.13,BNSL-2016
sbs,1.0,number_unsolved_instances_True,,0.12,CSP-Minizinc-Time-2016
sbs,1.0,par10,,534.21,ASP-POTASSCO
sbs,1.0,number_unsolved_instances_False,,0.08,ASP-POTASSCO
sbs,1.0,number_unsolved_instances_True,,0.08,ASP-POTASSCO
oracle,1.0,par10,,106.35,CSP-MZN-2013
sbs,1.0,par10,,5863.76,CSP-MZN-2013
sbs,1.0,number_unsolved_instances_False,,0.32,CSP-MZN-2013
sbs,1.0,number_unsolved_instances_True,,0.32,CSP-MZN-2013
sbs,1.0,par10,,3828277.04,GRAPHS-2015
sbs,1.0,number_unsolved_instances_False,,0.0,GRAPHS-2015
sbs,1.0,number_unsolved_instances_True,,0.0,GRAPHS-2015
sbs,1.0,par10,,733.83,MAXSAT-PMS-2016
sbs,1.0,number_unsolved_instances_False,,0.04,MAXSAT-PMS-2016
sbs,1.0,number_unsolved_instances_True,,0.04,MAXSAT-PMS-2016
oracle,1.0,par10,,30.65,MAXSAT-PMS-2016
sbs,1.0,par10,,2138.37,MAXSAT-WPMS-2016
sbs,1.0,number_unsolved_instances_False,,0.11,MAXSAT-WPMS-2016
sbs,1.0,number_unsolved_instances_True,,0.11,MAXSAT-WPMS-2016
oracle,1.0,par10,,64.95,MAXSAT-WPMS-2016
sbs,1.0,par10,,2947.36,MAXSAT12-PMS
sbs,1.0,number_unsolved_instances_False,,0.14,MAXSAT12-PMS
sbs,1.0,number_unsolved_instances_True,,0.14,MAXSAT12-PMS
oracle,1.0,par10,,26.79,MAXSAT12-PMS
sbs,1.0,par10,,769.98,MAXSAT15-PMS-INDU
sbs,1.0,number_unsolved_instances_False,,0.04,MAXSAT15-PMS-INDU
sbs,1.0,number_unsolved_instances_True,,0.04,MAXSAT15-PMS-INDU
oracle,1.0,par10,,52.55,MAXSAT15-PMS-INDU
sbs,1.0,par10,,3660.23,MIP-2016
sbs,1.0,number_unsolved_instances_False,,0.05,MIP-2016
sbs,1.0,number_unsolved_instances_True,,0.05,MIP-2016
oracle,1.0,par10,,288.41,MIP-2016
sbs,1.0,par10,,10783.61,PROTEUS-2014
sbs,1.0,number_unsolved_instances_False,,0.3,PROTEUS-2014
sbs,1.0,number_unsolved_instances_True,,0.3,PROTEUS-2014
sbs,1.0,par10,,10622.25,QBF-2011
sbs,1.0,number_unsolved_instances_False,,0.29,QBF-2011
sbs,1.0,number_unsolved_instances_True,,0.29,QBF-2011
oracle,1.0,par10,,141.6,QBF-2011
sbs,1.0,par10,,2209.14,QBF-2014
sbs,1.0,number_unsolved_instances_False,,0.24,QBF-2014
sbs,1.0,number_unsolved_instances_True,,0.24,QBF-2014
oracle,1.0,par10,,54.02,QBF-2014
sbs,1.0,par10,,2524.83,QBF-2016
sbs,1.0,number_unsolved_instances_False,,0.14,QBF-2016
sbs,1.0,number_unsolved_instances_True,,0.14,QBF-2016
oracle,1.0,par10,,3.98,QBF-2016
sbs,1.0,par10,,5080.46,SAT03-16_INDU
sbs,1.0,number_unsolved_instances_False,,0.11,SAT03-16_INDU
sbs,1.0,number_unsolved_instances_True,,0.12,SAT03-16_INDU
sbs,1.0,par10,,20021.12,SAT11-HAND
sbs,1.0,number_unsolved_instances_False,,0.39,SAT11-HAND
sbs,1.0,number_unsolved_instances_True,,0.39,SAT11-HAND
oracle,1.0,par10,,525.2,SAT11-HAND
sbs,1.0,par10,,8125.53,SAT11-INDU
sbs,1.0,number_unsolved_instances_False,,0.15,SAT11-INDU
sbs,1.0,number_unsolved_instances_True,,0.15,SAT11-INDU
oracle,1.0,par10,,244.37,SAT11-INDU
sbs,1.0,par10,,11279.55,SAT11-RAND
sbs,1.0,number_unsolved_instances_False,,0.23,SAT11-RAND
sbs,1.0,number_unsolved_instances_True,,0.23,SAT11-RAND
oracle,1.0,par10,,270.14,SAT11-RAND
sbs,1.0,par10,,2962.85,SAT12-ALL
sbs,1.0,number_unsolved_instances_False,,0.23,SAT12-ALL
sbs,1.0,number_unsolved_instances_True,,0.23,SAT12-ALL
oracle,1.0,par10,,93.78,SAT12-ALL
sbs,1.0,par10,,3777.19,SAT12-HAND
sbs,1.0,number_unsolved_instances_False,,0.31,SAT12-HAND
sbs,1.0,number_unsolved_instances_True,,0.31,SAT12-HAND
oracle,1.0,par10,,103.49,SAT12-HAND
sbs,1.0,par10,,1399.64,SAT12-INDU
sbs,1.0,number_unsolved_instances_False,,0.1,SAT12-INDU
sbs,1.0,number_unsolved_instances_True,,0.1,SAT12-INDU
oracle,1.0,par10,,99.46,SAT12-INDU
sbs,1.0,par10,,1104.25,SAT12-RAND
sbs,1.0,number_unsolved_instances_False,,0.09,SAT12-RAND
sbs,1.0,number_unsolved_instances_True,,0.09,SAT12-RAND
oracle,1.0,par10,,55.86,SAT12-RAND
sbs,1.0,par10,,2871.76,SAT15-INDU
sbs,1.0,number_unsolved_instances_False,,0.07,SAT15-INDU
sbs,1.0,number_unsolved_instances_True,,0.07,SAT15-INDU
oracle,1.0,par10,,181.61,SAT15-INDU
sbs,2.0,par10,,421.94,ASP-POTASSCO
sbs,2.0,number_unsolved_instances_False,,0.07,ASP-POTASSCO
sbs,2.0,number_unsolved_instances_True,,0.07,ASP-POTASSCO
sbs,1.0,par10,,41.38,TSP-LION2015
sbs,1.0,number_unsolved_instances_False,,0.0,TSP-LION2015
sbs,1.0,number_unsolved_instances_True,,0.0,TSP-LION2015
sbs,2.0,par10,,5171.78,BNSL-2016
sbs,2.0,number_unsolved_instances_False,,0.07,BNSL-2016
sbs,2.0,number_unsolved_instances_True,,0.07,BNSL-2016
sbs,2.0,par10,,7729.64,CPMP-2015
sbs,2.0,number_unsolved_instances_False,,0.21,CPMP-2015
sbs,2.0,number_unsolved_instances_True,,0.21,CPMP-2015
sbs,2.0,par10,,1436.26,CSP-2010
sbs,2.0,number_unsolved_instances_False,,0.03,CSP-2010
sbs,2.0,number_unsolved_instances_True,,0.03,CSP-2010
oracle,2.0,par10,,137.17,CSP-2010
sbs,2.0,par10,,7045.3,CSP-MZN-2013
sbs,2.0,number_unsolved_instances_False,,0.39,CSP-MZN-2013
sbs,2.0,number_unsolved_instances_True,,0.39,CSP-MZN-2013
oracle,2.0,par10,,123.12,CSP-MZN-2013
sbs,2.0,par10,,1544.47,CSP-Minizinc-Time-2016
sbs,2.0,number_unsolved_instances_False,,0.12,CSP-Minizinc-Time-2016
sbs,2.0,number_unsolved_instances_True,,0.12,CSP-Minizinc-Time-2016
oracle,2.0,par10,,29.39,CSP-Minizinc-Time-2016
sbs,2.0,par10,,16512625.4,GRAPHS-2015
sbs,2.0,number_unsolved_instances_False,,0.02,GRAPHS-2015
sbs,2.0,number_unsolved_instances_True,,0.02,GRAPHS-2015
sbs,2.0,par10,,769.22,MAXSAT-PMS-2016
sbs,2.0,number_unsolved_instances_False,,0.04,MAXSAT-PMS-2016
sbs,2.0,number_unsolved_instances_True,,0.04,MAXSAT-PMS-2016
oracle,2.0,par10,,65.09,MAXSAT-PMS-2016
sbs,2.0,par10,,2025.38,MAXSAT-WPMS-2016
sbs,2.0,number_unsolved_instances_False,,0.11,MAXSAT-WPMS-2016
sbs,2.0,number_unsolved_instances_True,,0.11,MAXSAT-WPMS-2016
oracle,2.0,par10,,67.53,MAXSAT-WPMS-2016
sbs,2.0,par10,,1436.73,MAXSAT12-PMS
sbs,2.0,number_unsolved_instances_False,,0.06,MAXSAT12-PMS
sbs,2.0,number_unsolved_instances_True,,0.06,MAXSAT12-PMS
oracle,2.0,par10,,51.08,MAXSAT12-PMS
sbs,2.0,par10,,1914.27,MAXSAT15-PMS-INDU
sbs,2.0,number_unsolved_instances_False,,0.1,MAXSAT15-PMS-INDU
sbs,2.0,number_unsolved_instances_True,,0.1,MAXSAT15-PMS-INDU
oracle,2.0,par10,,18.4,MAXSAT15-PMS-INDU
sbs,2.0,par10,,383.36,MIP-2016
sbs,2.0,number_unsolved_instances_False,,0.0,MIP-2016
sbs,2.0,number_unsolved_instances_True,,0.0,MIP-2016
oracle,2.0,par10,,297.23,MIP-2016
sbs,2.0,par10,,9310.94,PROTEUS-2014
sbs,2.0,number_unsolved_instances_False,,0.26,PROTEUS-2014
sbs,2.0,number_unsolved_instances_True,,0.26,PROTEUS-2014
oracle,2.0,par10,,82.87,QBF-2011
sbs,2.0,par10,,9108.82,QBF-2011
sbs,2.0,number_unsolved_instances_False,,0.25,QBF-2011
sbs,2.0,number_unsolved_instances_True,,0.25,QBF-2011
sbs,2.0,par10,,2356.54,QBF-2014
sbs,2.0,number_unsolved_instances_False,,0.26,QBF-2014
sbs,2.0,number_unsolved_instances_True,,0.26,QBF-2014
oracle,2.0,par10,,33.87,QBF-2014
sbs,2.0,par10,,2803.87,QBF-2016
sbs,2.0,number_unsolved_instances_False,,0.15,QBF-2016
sbs,2.0,number_unsolved_instances_True,,0.15,QBF-2016
oracle,2.0,par10,,16.51,QBF-2016
sbs,2.0,par10,,3422.54,SAT03-16_INDU
sbs,2.0,number_unsolved_instances_False,,0.07,SAT03-16_INDU
sbs,2.0,number_unsolved_instances_True,,0.09,SAT03-16_INDU
sbs,2.0,par10,,6292.52,SAT11-HAND
sbs,2.0,number_unsolved_instances_False,,0.1,SAT11-HAND
sbs,2.0,number_unsolved_instances_True,,0.1,SAT11-HAND
oracle,2.0,par10,,884.03,SAT11-HAND
sbs,2.0,par10,,5009.82,SAT11-INDU
sbs,2.0,number_unsolved_instances_False,,0.09,SAT11-INDU
sbs,2.0,number_unsolved_instances_True,,0.09,SAT11-INDU
oracle,2.0,par10,,485.72,SAT11-INDU
sbs,2.0,par10,,14626.36,SAT11-RAND
sbs,2.0,number_unsolved_instances_False,,0.3,SAT11-RAND
sbs,2.0,number_unsolved_instances_True,,0.29,SAT11-RAND
oracle,2.0,par10,,240.21,SAT11-RAND
sbs,2.0,par10,,2826.48,SAT12-ALL
sbs,2.0,number_unsolved_instances_False,,0.23,SAT12-ALL
sbs,2.0,number_unsolved_instances_True,,0.23,SAT12-ALL
oracle,2.0,par10,,78.84,SAT12-ALL
sbs,2.0,par10,,3793.94,SAT12-HAND
sbs,2.0,number_unsolved_instances_False,,0.31,SAT12-HAND
sbs,2.0,number_unsolved_instances_True,,0.31,SAT12-HAND
oracle,2.0,par10,,87.14,SAT12-HAND
sbs,2.0,par10,,1410.79,SAT12-INDU
sbs,2.0,number_unsolved_instances_False,,0.11,SAT12-INDU
sbs,2.0,number_unsolved_instances_True,,0.11,SAT12-INDU
oracle,2.0,par10,,80.09,SAT12-INDU
sbs,2.0,par10,,583.4,SAT12-RAND
sbs,2.0,number_unsolved_instances_False,,0.05,SAT12-RAND
sbs,2.0,number_unsolved_instances_True,,0.05,SAT12-RAND
oracle,2.0,par10,,48.86,SAT12-RAND
sbs,2.0,par10,,3116.53,SAT15-INDU
sbs,2.0,number_unsolved_instances_False,,0.07,SAT15-INDU
sbs,2.0,number_unsolved_instances_True,,0.07,SAT15-INDU
oracle,2.0,par10,,220.24,SAT15-INDU
sbs,2.0,par10,,54.94,TSP-LION2015
sbs,2.0,number_unsolved_instances_False,,0.0,TSP-LION2015
sbs,2.0,number_unsolved_instances_True,,0.0,TSP-LION2015
sbs,3.0,par10,,393.84,ASP-POTASSCO
sbs,3.0,number_unsolved_instances_False,,0.06,ASP-POTASSCO
sbs,3.0,number_unsolved_instances_True,,0.06,ASP-POTASSCO
sbs,3.0,par10,,7627.49,BNSL-2016
sbs,3.0,number_unsolved_instances_False,,0.1,BNSL-2016
sbs,3.0,number_unsolved_instances_True,,0.1,BNSL-2016
sbs,3.0,par10,,7028.58,CPMP-2015
sbs,3.0,number_unsolved_instances_False,,0.19,CPMP-2015
sbs,3.0,number_unsolved_instances_True,,0.19,CPMP-2015
sbs,3.0,par10,,1801.02,CSP-2010
sbs,3.0,number_unsolved_instances_False,,0.04,CSP-2010
sbs,3.0,number_unsolved_instances_True,,0.04,CSP-2010
oracle,3.0,par10,,125.23,CSP-2010
sbs,3.0,par10,,6304.83,CSP-MZN-2013
sbs,3.0,number_unsolved_instances_False,,0.34,CSP-MZN-2013
oracle,3.0,par10,,127.08,CSP-MZN-2013
sbs,3.0,number_unsolved_instances_True,,0.34,CSP-MZN-2013
sbs,3.0,par10,,1359.23,CSP-Minizinc-Time-2016
sbs,3.0,number_unsolved_instances_False,,0.11,CSP-Minizinc-Time-2016
sbs,3.0,number_unsolved_instances_True,,0.11,CSP-Minizinc-Time-2016
oracle,3.0,par10,,5.28,CSP-Minizinc-Time-2016
sbs,3.0,par10,,516678.52,GRAPHS-2015
sbs,3.0,number_unsolved_instances_False,,0.0,GRAPHS-2015
sbs,3.0,number_unsolved_instances_True,,0.0,GRAPHS-2015
sbs,3.0,par10,,677.1,MAXSAT-PMS-2016
sbs,3.0,number_unsolved_instances_False,,0.04,MAXSAT-PMS-2016
sbs,3.0,number_unsolved_instances_True,,0.04,MAXSAT-PMS-2016
oracle,3.0,par10,,18.27,MAXSAT-PMS-2016
sbs,3.0,par10,,2274.15,MAXSAT-WPMS-2016
sbs,3.0,number_unsolved_instances_False,,0.12,MAXSAT-WPMS-2016
sbs,3.0,number_unsolved_instances_True,,0.12,MAXSAT-WPMS-2016
oracle,3.0,par10,,118.67,MAXSAT-WPMS-2016
sbs,3.0,par10,,1588.26,MAXSAT12-PMS
sbs,3.0,number_unsolved_instances_False,,0.07,MAXSAT12-PMS
sbs,3.0,number_unsolved_instances_True,,0.07,MAXSAT12-PMS
oracle,3.0,par10,,34.22,MAXSAT12-PMS
sbs,3.0,par10,,1307.05,MAXSAT15-PMS-INDU
sbs,3.0,number_unsolved_instances_False,,0.07,MAXSAT15-PMS-INDU
sbs,3.0,number_unsolved_instances_True,,0.07,MAXSAT15-PMS-INDU
oracle,3.0,par10,,38.06,MAXSAT15-PMS-INDU
sbs,3.0,par10,,6709.45,MIP-2016
sbs,3.0,number_unsolved_instances_False,,0.09,MIP-2016
sbs,3.0,number_unsolved_instances_True,,0.09,MIP-2016
oracle,3.0,par10,,186.64,MIP-2016
sbs,3.0,par10,,10142.82,PROTEUS-2014
sbs,3.0,number_unsolved_instances_False,,0.28,PROTEUS-2014
sbs,3.0,number_unsolved_instances_True,,0.28,PROTEUS-2014
sbs,3.0,par10,,11922.77,QBF-2011
sbs,3.0,number_unsolved_instances_False,,0.33,QBF-2011
sbs,3.0,number_unsolved_instances_True,,0.33,QBF-2011
oracle,3.0,par10,,106.15,QBF-2011
sbs,3.0,par10,,2002.26,QBF-2014
sbs,3.0,number_unsolved_instances_False,,0.21,QBF-2014
sbs,3.0,number_unsolved_instances_True,,0.21,QBF-2014
oracle,3.0,par10,,33.56,QBF-2014
sbs,3.0,par10,,1883.05,QBF-2016
sbs,3.0,number_unsolved_instances_False,,0.1,QBF-2016
sbs,3.0,number_unsolved_instances_True,,0.1,QBF-2016
oracle,3.0,par10,,4.35,QBF-2016
sbs,3.0,par10,,3547.67,SAT03-16_INDU
sbs,3.0,number_unsolved_instances_False,,0.07,SAT03-16_INDU
sbs,3.0,number_unsolved_instances_True,,0.09,SAT03-16_INDU
sbs,3.0,par10,,14985.47,SAT11-HAND
sbs,3.0,number_unsolved_instances_False,,0.29,SAT11-HAND
sbs,3.0,number_unsolved_instances_True,,0.29,SAT11-HAND
oracle,3.0,par10,,385.78,SAT11-HAND
sbs,3.0,par10,,6808.99,SAT11-INDU
sbs,3.0,number_unsolved_instances_False,,0.12,SAT11-INDU
sbs,3.0,number_unsolved_instances_True,,0.12,SAT11-INDU
oracle,3.0,par10,,409.45,SAT11-INDU
sbs,3.0,par10,,6958.33,SAT11-RAND
sbs,3.0,number_unsolved_instances_False,,0.14,SAT11-RAND
sbs,3.0,number_unsolved_instances_True,,0.14,SAT11-RAND
oracle,3.0,par10,,32.51,SAT11-RAND
sbs,3.0,par10,,3144.94,SAT12-ALL
sbs,3.0,number_unsolved_instances_False,,0.25,SAT12-ALL
sbs,3.0,number_unsolved_instances_True,,0.25,SAT12-ALL
oracle,3.0,par10,,91.73,SAT12-ALL
sbs,3.0,par10,,3435.33,SAT12-HAND
sbs,3.0,number_unsolved_instances_False,,0.28,SAT12-HAND
sbs,3.0,number_unsolved_instances_True,,0.28,SAT12-HAND
oracle,3.0,par10,,92.5,SAT12-HAND
sbs,3.0,par10,,1088.28,SAT12-INDU
sbs,3.0,number_unsolved_instances_False,,0.08,SAT12-INDU
sbs,3.0,number_unsolved_instances_True,,0.08,SAT12-INDU
oracle,3.0,par10,,75.22,SAT12-INDU
sbs,3.0,par10,,637.37,SAT12-RAND
sbs,3.0,number_unsolved_instances_False,,0.05,SAT12-RAND
sbs,3.0,number_unsolved_instances_True,,0.05,SAT12-RAND
oracle,3.0,par10,,52.65,SAT12-RAND
sbs,3.0,par10,,3038.61,SAT15-INDU
sbs,3.0,number_unsolved_instances_False,,0.07,SAT15-INDU
sbs,3.0,number_unsolved_instances_True,,0.07,SAT15-INDU
oracle,3.0,par10,,155.18,SAT15-INDU
sbs,3.0,par10,,277.16,TSP-LION2015
sbs,3.0,number_unsolved_instances_False,,0.01,TSP-LION2015
sbs,3.0,number_unsolved_instances_True,,0.01,TSP-LION2015
sbs,4.0,par10,,467.59,ASP-POTASSCO
sbs,4.0,number_unsolved_instances_False,,0.07,ASP-POTASSCO
sbs,4.0,number_unsolved_instances_True,,0.07,ASP-POTASSCO
sbs,4.0,par10,,8835.18,BNSL-2016
sbs,4.0,number_unsolved_instances_False,,0.12,BNSL-2016
sbs,4.0,number_unsolved_instances_True,,0.12,BNSL-2016
sbs,4.0,par10,,4944.58,CPMP-2015
sbs,4.0,number_unsolved_instances_False,,0.13,CPMP-2015
sbs,4.0,number_unsolved_instances_True,,0.13,CPMP-2015
sbs,4.0,par10,,376.58,CSP-2010
sbs,4.0,number_unsolved_instances_False,,0.01,CSP-2010
sbs,4.0,number_unsolved_instances_True,,0.01,CSP-2010
oracle,4.0,par10,,54.24,CSP-2010
sbs,4.0,par10,,6693.0,CSP-MZN-2013
sbs,4.0,number_unsolved_instances_False,,0.37,CSP-MZN-2013
sbs,4.0,number_unsolved_instances_True,,0.37,CSP-MZN-2013
oracle,4.0,par10,,100.96,CSP-MZN-2013
sbs,4.0,par10,,2670.57,CSP-Minizinc-Time-2016
sbs,4.0,number_unsolved_instances_False,,0.22,CSP-Minizinc-Time-2016
sbs,4.0,number_unsolved_instances_True,,0.22,CSP-Minizinc-Time-2016
oracle,4.0,par10,,6.26,CSP-Minizinc-Time-2016
sbs,4.0,par10,,11105489.48,GRAPHS-2015
sbs,4.0,number_unsolved_instances_False,,0.01,GRAPHS-2015
sbs,4.0,number_unsolved_instances_True,,0.01,GRAPHS-2015
sbs,4.0,par10,,787.95,MAXSAT-PMS-2016
sbs,4.0,number_unsolved_instances_False,,0.04,MAXSAT-PMS-2016
sbs,4.0,number_unsolved_instances_True,,0.04,MAXSAT-PMS-2016
oracle,4.0,par10,,44.26,MAXSAT-PMS-2016
sbs,4.0,par10,,1776.74,MAXSAT-WPMS-2016
sbs,4.0,number_unsolved_instances_False,,0.09,MAXSAT-WPMS-2016
sbs,4.0,number_unsolved_instances_True,,0.09,MAXSAT-WPMS-2016
oracle,4.0,par10,,100.57,MAXSAT-WPMS-2016
sbs,4.0,par10,,1684.97,MAXSAT12-PMS
sbs,4.0,number_unsolved_instances_False,,0.08,MAXSAT12-PMS
sbs,4.0,number_unsolved_instances_True,,0.08,MAXSAT12-PMS
oracle,4.0,par10,,41.29,MAXSAT12-PMS
sbs,4.0,par10,,1374.41,MAXSAT15-PMS-INDU
sbs,4.0,number_unsolved_instances_False,,0.07,MAXSAT15-PMS-INDU
sbs,4.0,number_unsolved_instances_True,,0.07,MAXSAT15-PMS-INDU
oracle,4.0,par10,,54.2,MAXSAT15-PMS-INDU
sbs,4.0,par10,,3465.59,MIP-2016
sbs,4.0,number_unsolved_instances_False,,0.05,MIP-2016
sbs,4.0,number_unsolved_instances_True,,0.05,MIP-2016
oracle,4.0,par10,,233.73,MIP-2016
sbs,4.0,par10,,11189.59,PROTEUS-2014
sbs,4.0,number_unsolved_instances_False,,0.31,PROTEUS-2014
sbs,4.0,number_unsolved_instances_True,,0.31,PROTEUS-2014
sbs,4.0,par10,,8453.14,QBF-2011
sbs,4.0,number_unsolved_instances_False,,0.23,QBF-2011
sbs,4.0,number_unsolved_instances_True,,0.23,QBF-2011
oracle,4.0,par10,,84.17,QBF-2011
sbs,4.0,par10,,2851.51,QBF-2014
sbs,4.0,number_unsolved_instances_False,,0.31,QBF-2014
sbs,4.0,number_unsolved_instances_True,,0.31,QBF-2014
oracle,4.0,par10,,39.8,QBF-2014
sbs,4.0,par10,,1415.85,QBF-2016
sbs,4.0,number_unsolved_instances_False,,0.08,QBF-2016
sbs,4.0,number_unsolved_instances_True,,0.08,QBF-2016
oracle,4.0,par10,,9.59,QBF-2016
sbs,4.0,par10,,3823.68,SAT03-16_INDU
sbs,4.0,number_unsolved_instances_False,,0.08,SAT03-16_INDU
sbs,4.0,number_unsolved_instances_True,,0.09,SAT03-16_INDU
sbs,4.0,par10,,19095.01,SAT11-HAND
sbs,4.0,number_unsolved_instances_False,,0.36,SAT11-HAND
sbs,4.0,number_unsolved_instances_True,,0.36,SAT11-HAND
oracle,4.0,par10,,673.13,SAT11-HAND
sbs,4.0,par10,,9680.15,SAT11-INDU
sbs,4.0,number_unsolved_instances_False,,0.19,SAT11-INDU
sbs,4.0,number_unsolved_instances_True,,0.19,SAT11-INDU
oracle,4.0,par10,,534.71,SAT11-INDU
sbs,4.0,par10,,19209.09,SAT11-RAND
sbs,4.0,number_unsolved_instances_False,,0.39,SAT11-RAND
sbs,4.0,number_unsolved_instances_True,,0.38,SAT11-RAND
oracle,4.0,par10,,383.59,SAT11-RAND
sbs,4.0,par10,,2821.06,SAT12-ALL
sbs,4.0,number_unsolved_instances_False,,0.23,SAT12-ALL
sbs,4.0,number_unsolved_instances_True,,0.23,SAT12-ALL
oracle,4.0,par10,,109.7,SAT12-ALL
sbs,4.0,par10,,4315.56,SAT12-HAND
sbs,4.0,number_unsolved_instances_False,,0.35,SAT12-HAND
sbs,4.0,number_unsolved_instances_True,,0.35,SAT12-HAND
oracle,4.0,par10,,135.57,SAT12-HAND
sbs,4.0,par10,,1200.38,SAT12-INDU
sbs,4.0,number_unsolved_instances_False,,0.09,SAT12-INDU
sbs,4.0,number_unsolved_instances_True,,0.09,SAT12-INDU
oracle,4.0,par10,,83.82,SAT12-INDU
sbs,4.0,par10,,500.22,SAT12-RAND
sbs,4.0,number_unsolved_instances_False,,0.04,SAT12-RAND
sbs,4.0,number_unsolved_instances_True,,0.04,SAT12-RAND
oracle,4.0,par10,,39.94,SAT12-RAND
sbs,4.0,par10,,1762.94,SAT15-INDU
sbs,4.0,number_unsolved_instances_False,,0.03,SAT15-INDU
sbs,4.0,number_unsolved_instances_True,,0.03,SAT15-INDU
oracle,4.0,par10,,211.77,SAT15-INDU
sbs,4.0,par10,,49.12,TSP-LION2015
sbs,4.0,number_unsolved_instances_False,,0.0,TSP-LION2015
sbs,4.0,number_unsolved_instances_True,,0.0,TSP-LION2015
sbs,5.0,par10,,463.98,ASP-POTASSCO
sbs,5.0,number_unsolved_instances_False,,0.07,ASP-POTASSCO
sbs,5.0,number_unsolved_instances_True,,0.07,ASP-POTASSCO
sbs,5.0,par10,,9470.53,BNSL-2016
sbs,5.0,number_unsolved_instances_False,,0.13,BNSL-2016
sbs,5.0,number_unsolved_instances_True,,0.13,BNSL-2016
sbs,5.0,par10,,3612.19,CPMP-2015
sbs,5.0,number_unsolved_instances_False,,0.09,CPMP-2015
sbs,5.0,number_unsolved_instances_True,,0.09,CPMP-2015
sbs,5.0,par10,,975.02,CSP-2010
sbs,5.0,number_unsolved_instances_False,,0.02,CSP-2010
sbs,5.0,number_unsolved_instances_True,,0.02,CSP-2010
oracle,5.0,par10,,93.76,CSP-2010
sbs,5.0,par10,,6197.84,CSP-MZN-2013
sbs,5.0,number_unsolved_instances_False,,0.34,CSP-MZN-2013
sbs,5.0,number_unsolved_instances_True,,0.34,CSP-MZN-2013
oracle,5.0,par10,,118.74,CSP-MZN-2013
sbs,5.0,par10,,1502.48,CSP-Minizinc-Time-2016
sbs,5.0,number_unsolved_instances_False,,0.12,CSP-Minizinc-Time-2016
sbs,5.0,number_unsolved_instances_True,,0.12,CSP-Minizinc-Time-2016
oracle,5.0,par10,,6.2,CSP-Minizinc-Time-2016
sbs,5.0,par10,,10804538.84,GRAPHS-2015
sbs,5.0,number_unsolved_instances_False,,0.01,GRAPHS-2015
sbs,5.0,number_unsolved_instances_True,,0.01,GRAPHS-2015
sbs,5.0,par10,,1715.98,MAXSAT-PMS-2016
sbs,5.0,number_unsolved_instances_False,,0.09,MAXSAT-PMS-2016
sbs,5.0,number_unsolved_instances_True,,0.09,MAXSAT-PMS-2016
oracle,5.0,par10,,74.54,MAXSAT-PMS-2016
sbs,5.0,par10,,796.51,MAXSAT-WPMS-2016
sbs,5.0,number_unsolved_instances_False,,0.04,MAXSAT-WPMS-2016
sbs,5.0,number_unsolved_instances_True,,0.04,MAXSAT-WPMS-2016
oracle,5.0,par10,,72.32,MAXSAT-WPMS-2016
sbs,5.0,par10,,2085.56,MAXSAT12-PMS
sbs,5.0,number_unsolved_instances_False,,0.1,MAXSAT12-PMS
sbs,5.0,number_unsolved_instances_True,,0.1,MAXSAT12-PMS
oracle,5.0,par10,,29.96,MAXSAT12-PMS
sbs,5.0,par10,,1431.04,MAXSAT15-PMS-INDU
sbs,5.0,number_unsolved_instances_False,,0.07,MAXSAT15-PMS-INDU
sbs,5.0,number_unsolved_instances_True,,0.07,MAXSAT15-PMS-INDU
oracle,5.0,par10,,86.24,MAXSAT15-PMS-INDU
oracle,5.0,par10,,681.09,MIP-2016
sbs,5.0,par10,,1086.59,MIP-2016
sbs,5.0,number_unsolved_instances_False,,0.0,MIP-2016
sbs,5.0,number_unsolved_instances_True,,0.0,MIP-2016
sbs,5.0,par10,,10171.4,PROTEUS-2014
sbs,5.0,number_unsolved_instances_False,,0.28,PROTEUS-2014
sbs,5.0,number_unsolved_instances_True,,0.28,PROTEUS-2014
sbs,5.0,par10,,9749.9,QBF-2011
sbs,5.0,number_unsolved_instances_False,,0.27,QBF-2011
sbs,5.0,number_unsolved_instances_True,,0.27,QBF-2011
oracle,5.0,par10,,76.05,QBF-2011
sbs,5.0,par10,,2457.95,QBF-2014
sbs,5.0,number_unsolved_instances_False,,0.27,QBF-2014
sbs,5.0,number_unsolved_instances_True,,0.27,QBF-2014
oracle,5.0,par10,,28.96,QBF-2014
sbs,5.0,par10,,2981.58,QBF-2016
sbs,5.0,number_unsolved_instances_False,,0.16,QBF-2016
sbs,5.0,number_unsolved_instances_True,,0.16,QBF-2016
oracle,5.0,par10,,11.32,QBF-2016
sbs,5.0,par10,,4403.27,SAT03-16_INDU
sbs,5.0,number_unsolved_instances_False,,0.09,SAT03-16_INDU
sbs,5.0,number_unsolved_instances_True,,0.11,SAT03-16_INDU
sbs,5.0,par10,,15287.17,SAT11-HAND
sbs,5.0,number_unsolved_instances_False,,0.29,SAT11-HAND
sbs,5.0,number_unsolved_instances_True,,0.29,SAT11-HAND
oracle,5.0,par10,,533.76,SAT11-HAND
sbs,5.0,par10,,12510.63,SAT11-INDU
sbs,5.0,number_unsolved_instances_False,,0.24,SAT11-INDU
sbs,5.0,number_unsolved_instances_True,,0.24,SAT11-INDU
oracle,5.0,par10,,415.26,SAT11-INDU
sbs,5.0,par10,,13638.27,SAT11-RAND
sbs,5.0,number_unsolved_instances_False,,0.27,SAT11-RAND
sbs,5.0,number_unsolved_instances_True,,0.27,SAT11-RAND
oracle,5.0,par10,,185.3,SAT11-RAND
sbs,5.0,par10,,2701.83,SAT12-ALL
sbs,5.0,number_unsolved_instances_False,,0.22,SAT12-ALL
sbs,5.0,number_unsolved_instances_True,,0.22,SAT12-ALL
oracle,5.0,par10,,98.3,SAT12-ALL
sbs,5.0,par10,,4217.45,SAT12-HAND
sbs,5.0,number_unsolved_instances_False,,0.35,SAT12-HAND
sbs,5.0,number_unsolved_instances_True,,0.35,SAT12-HAND
oracle,5.0,par10,,93.97,SAT12-HAND
sbs,5.0,par10,,1522.25,SAT12-INDU
sbs,5.0,number_unsolved_instances_False,,0.12,SAT12-INDU
sbs,5.0,number_unsolved_instances_True,,0.12,SAT12-INDU
oracle,5.0,par10,,81.76,SAT12-INDU
sbs,5.0,par10,,538.06,SAT12-RAND
sbs,5.0,number_unsolved_instances_False,,0.04,SAT12-RAND
sbs,5.0,number_unsolved_instances_True,,0.04,SAT12-RAND
oracle,5.0,par10,,63.29,SAT12-RAND
sbs,5.0,par10,,2900.08,SAT15-INDU
sbs,5.0,number_unsolved_instances_False,,0.07,SAT15-INDU
sbs,5.0,number_unsolved_instances_True,,0.07,SAT15-INDU
oracle,5.0,par10,,295.65,SAT15-INDU
sbs,5.0,par10,,51.67,TSP-LION2015
sbs,5.0,number_unsolved_instances_False,,0.0,TSP-LION2015
sbs,5.0,number_unsolved_instances_True,,0.0,TSP-LION2015
sbs,6.0,par10,,643.04,ASP-POTASSCO
sbs,6.0,number_unsolved_instances_False,,0.1,ASP-POTASSCO
sbs,6.0,number_unsolved_instances_True,,0.1,ASP-POTASSCO
sbs,6.0,par10,,11233.09,BNSL-2016
sbs,6.0,number_unsolved_instances_False,,0.15,BNSL-2016
sbs,6.0,number_unsolved_instances_True,,0.15,BNSL-2016
sbs,6.0,par10,,10403.91,CPMP-2015
sbs,6.0,number_unsolved_instances_False,,0.28,CPMP-2015
sbs,6.0,number_unsolved_instances_True,,0.28,CPMP-2015
sbs,6.0,par10,,933.27,CSP-2010
sbs,6.0,number_unsolved_instances_False,,0.02,CSP-2010
sbs,6.0,number_unsolved_instances_True,,0.02,CSP-2010
oracle,6.0,par10,,91.97,CSP-2010
sbs,6.0,par10,,6438.87,CSP-MZN-2013
sbs,6.0,number_unsolved_instances_False,,0.35,CSP-MZN-2013
sbs,6.0,number_unsolved_instances_True,,0.35,CSP-MZN-2013
oracle,6.0,par10,,119.66,CSP-MZN-2013
sbs,6.0,par10,,1533.84,CSP-Minizinc-Time-2016
sbs,6.0,number_unsolved_instances_False,,0.12,CSP-Minizinc-Time-2016
sbs,6.0,number_unsolved_instances_True,,0.12,CSP-Minizinc-Time-2016
oracle,6.0,par10,,6.6,CSP-Minizinc-Time-2016
sbs,6.0,par10,,10949326.19,GRAPHS-2015
sbs,6.0,number_unsolved_instances_False,,0.01,GRAPHS-2015
sbs,6.0,number_unsolved_instances_True,,0.01,GRAPHS-2015
sbs,6.0,par10,,778.25,MAXSAT-PMS-2016
sbs,6.0,number_unsolved_instances_False,,0.04,MAXSAT-PMS-2016
sbs,6.0,number_unsolved_instances_True,,0.04,MAXSAT-PMS-2016
oracle,6.0,par10,,43.53,MAXSAT-PMS-2016
sbs,6.0,par10,,2147.68,MAXSAT-WPMS-2016
sbs,6.0,number_unsolved_instances_False,,0.11,MAXSAT-WPMS-2016
sbs,6.0,number_unsolved_instances_True,,0.11,MAXSAT-WPMS-2016
oracle,6.0,par10,,166.64,MAXSAT-WPMS-2016
sbs,6.0,par10,,3693.47,MAXSAT12-PMS
sbs,6.0,number_unsolved_instances_False,,0.17,MAXSAT12-PMS
sbs,6.0,number_unsolved_instances_True,,0.17,MAXSAT12-PMS
oracle,6.0,par10,,42.3,MAXSAT12-PMS
sbs,6.0,par10,,1308.0,MAXSAT15-PMS-INDU
sbs,6.0,number_unsolved_instances_False,,0.07,MAXSAT15-PMS-INDU
sbs,6.0,number_unsolved_instances_True,,0.07,MAXSAT15-PMS-INDU
oracle,6.0,par10,,57.54,MAXSAT15-PMS-INDU
sbs,6.0,par10,,3587.77,MIP-2016
sbs,6.0,number_unsolved_instances_False,,0.05,MIP-2016
sbs,6.0,number_unsolved_instances_True,,0.05,MIP-2016
oracle,6.0,par10,,264.14,MIP-2016
sbs,6.0,par10,,11449.78,PROTEUS-2014
sbs,6.0,number_unsolved_instances_False,,0.32,PROTEUS-2014
sbs,6.0,number_unsolved_instances_True,,0.32,PROTEUS-2014
sbs,6.0,par10,,8602.85,QBF-2011
sbs,6.0,number_unsolved_instances_False,,0.24,QBF-2011
sbs,6.0,number_unsolved_instances_True,,0.24,QBF-2011
oracle,6.0,par10,,133.49,QBF-2011
sbs,6.0,par10,,1420.95,QBF-2014
sbs,6.0,number_unsolved_instances_False,,0.16,QBF-2014
sbs,6.0,number_unsolved_instances_True,,0.16,QBF-2014
oracle,6.0,par10,,21.38,QBF-2014
sbs,6.0,par10,,3774.83,QBF-2016
sbs,6.0,number_unsolved_instances_False,,0.21,QBF-2016
sbs,6.0,number_unsolved_instances_True,,0.21,QBF-2016
oracle,6.0,par10,,19.54,QBF-2016
sbs,6.0,par10,,4963.31,SAT03-16_INDU
sbs,6.0,number_unsolved_instances_False,,0.1,SAT03-16_INDU
sbs,6.0,number_unsolved_instances_True,,0.12,SAT03-16_INDU
sbs,6.0,par10,,14432.82,SAT11-HAND
sbs,6.0,number_unsolved_instances_False,,0.27,SAT11-HAND
sbs,6.0,number_unsolved_instances_True,,0.27,SAT11-HAND
oracle,6.0,par10,,560.46,SAT11-HAND
sbs,6.0,par10,,10177.84,SAT11-INDU
sbs,6.0,number_unsolved_instances_False,,0.19,SAT11-INDU
sbs,6.0,number_unsolved_instances_True,,0.19,SAT11-INDU
oracle,6.0,par10,,501.26,SAT11-INDU
sbs,6.0,par10,,15756.72,SAT11-RAND
sbs,6.0,number_unsolved_instances_False,,0.32,SAT11-RAND
sbs,6.0,number_unsolved_instances_True,,0.32,SAT11-RAND
oracle,6.0,par10,,272.55,SAT11-RAND
sbs,6.0,par10,,3249.0,SAT12-ALL
sbs,6.0,number_unsolved_instances_False,,0.26,SAT12-ALL
sbs,6.0,number_unsolved_instances_True,,0.26,SAT12-ALL
oracle,6.0,par10,,81.56,SAT12-ALL
sbs,6.0,par10,,3441.46,SAT12-HAND
sbs,6.0,number_unsolved_instances_False,,0.28,SAT12-HAND
sbs,6.0,number_unsolved_instances_True,,0.28,SAT12-HAND
oracle,6.0,par10,,88.77,SAT12-HAND
sbs,6.0,par10,,1208.27,SAT12-INDU
sbs,6.0,number_unsolved_instances_False,,0.09,SAT12-INDU
sbs,6.0,number_unsolved_instances_True,,0.09,SAT12-INDU
oracle,6.0,par10,,112.41,SAT12-INDU
sbs,6.0,par10,,688.53,SAT12-RAND
sbs,6.0,number_unsolved_instances_False,,0.06,SAT12-RAND
sbs,6.0,number_unsolved_instances_True,,0.05,SAT12-RAND
oracle,6.0,par10,,40.04,SAT12-RAND
sbs,6.0,par10,,3080.56,SAT15-INDU
sbs,6.0,number_unsolved_instances_False,,0.07,SAT15-INDU
sbs,6.0,number_unsolved_instances_True,,0.07,SAT15-INDU
oracle,6.0,par10,,358.07,SAT15-INDU
sbs,6.0,par10,,157.83,TSP-LION2015
sbs,6.0,number_unsolved_instances_False,,0.01,TSP-LION2015
sbs,6.0,number_unsolved_instances_True,,0.0,TSP-LION2015
sbs,7.0,par10,,924.74,ASP-POTASSCO
sbs,7.0,number_unsolved_instances_False,,0.15,ASP-POTASSCO
sbs,7.0,number_unsolved_instances_True,,0.15,ASP-POTASSCO
sbs,7.0,par10,,10524.61,BNSL-2016
sbs,7.0,number_unsolved_instances_False,,0.14,BNSL-2016
sbs,7.0,number_unsolved_instances_True,,0.14,BNSL-2016
sbs,7.0,par10,,6544.03,CPMP-2015
sbs,7.0,number_unsolved_instances_False,,0.17,CPMP-2015
sbs,7.0,number_unsolved_instances_True,,0.17,CPMP-2015
sbs,7.0,par10,,609.25,CSP-2010
sbs,7.0,number_unsolved_instances_False,,0.01,CSP-2010
sbs,7.0,number_unsolved_instances_True,,0.01,CSP-2010
oracle,7.0,par10,,63.06,CSP-2010
sbs,7.0,par10,,6410.28,CSP-MZN-2013
sbs,7.0,number_unsolved_instances_False,,0.35,CSP-MZN-2013
sbs,7.0,number_unsolved_instances_True,,0.35,CSP-MZN-2013
oracle,7.0,par10,,107.04,CSP-MZN-2013
sbs,7.0,par10,,3433.41,CSP-Minizinc-Time-2016
sbs,7.0,number_unsolved_instances_False,,0.29,CSP-Minizinc-Time-2016
sbs,7.0,number_unsolved_instances_True,,0.29,CSP-Minizinc-Time-2016
oracle,7.0,par10,,152.19,CSP-Minizinc-Time-2016
sbs,7.0,par10,,11013374.43,GRAPHS-2015
sbs,7.0,number_unsolved_instances_False,,0.01,GRAPHS-2015
sbs,7.0,number_unsolved_instances_True,,0.01,GRAPHS-2015
sbs,7.0,par10,,1017.71,MAXSAT-PMS-2016
sbs,7.0,number_unsolved_instances_False,,0.05,MAXSAT-PMS-2016
sbs,7.0,number_unsolved_instances_True,,0.05,MAXSAT-PMS-2016
oracle,7.0,par10,,29.88,MAXSAT-PMS-2016
sbs,7.0,par10,,495.08,MAXSAT-WPMS-2016
sbs,7.0,number_unsolved_instances_False,,0.02,MAXSAT-WPMS-2016
sbs,7.0,number_unsolved_instances_True,,0.02,MAXSAT-WPMS-2016
oracle,7.0,par10,,59.83,MAXSAT-WPMS-2016
sbs,7.0,par10,,1765.33,MAXSAT12-PMS
sbs,7.0,number_unsolved_instances_False,,0.08,MAXSAT12-PMS
sbs,7.0,number_unsolved_instances_True,,0.08,MAXSAT12-PMS
oracle,7.0,par10,,29.42,MAXSAT12-PMS
sbs,7.0,par10,,708.31,MAXSAT15-PMS-INDU
sbs,7.0,number_unsolved_instances_False,,0.03,MAXSAT15-PMS-INDU
sbs,7.0,number_unsolved_instances_True,,0.03,MAXSAT15-PMS-INDU
oracle,7.0,par10,,45.9,MAXSAT15-PMS-INDU
sbs,7.0,par10,,265.09,MIP-2016
sbs,7.0,number_unsolved_instances_False,,0.0,MIP-2016
sbs,7.0,number_unsolved_instances_True,,0.0,MIP-2016
oracle,7.0,par10,,181.05,MIP-2016
sbs,7.0,par10,,11182.04,PROTEUS-2014
sbs,7.0,number_unsolved_instances_False,,0.31,PROTEUS-2014
sbs,7.0,number_unsolved_instances_True,,0.31,PROTEUS-2014
sbs,7.0,par10,,9746.72,QBF-2011
sbs,7.0,number_unsolved_instances_False,,0.27,QBF-2011
sbs,7.0,number_unsolved_instances_True,,0.27,QBF-2011
oracle,7.0,par10,,89.62,QBF-2011
sbs,7.0,par10,,2066.81,QBF-2014
sbs,7.0,number_unsolved_instances_False,,0.23,QBF-2014
sbs,7.0,number_unsolved_instances_True,,0.23,QBF-2014
oracle,7.0,par10,,44.18,QBF-2014
sbs,7.0,par10,,3184.9,QBF-2016
sbs,7.0,number_unsolved_instances_False,,0.18,QBF-2016
sbs,7.0,number_unsolved_instances_True,,0.18,QBF-2016
oracle,7.0,par10,,11.33,QBF-2016
sbs,7.0,par10,,3376.8,SAT03-16_INDU
sbs,7.0,number_unsolved_instances_False,,0.07,SAT03-16_INDU
sbs,7.0,number_unsolved_instances_True,,0.09,SAT03-16_INDU
sbs,7.0,par10,,27638.03,SAT11-HAND
sbs,7.0,number_unsolved_instances_False,,0.54,SAT11-HAND
sbs,7.0,number_unsolved_instances_True,,0.54,SAT11-HAND
oracle,7.0,par10,,289.3,SAT11-HAND
sbs,7.0,par10,,4459.53,SAT11-INDU
sbs,7.0,number_unsolved_instances_False,,0.08,SAT11-INDU
sbs,7.0,number_unsolved_instances_True,,0.08,SAT11-INDU
oracle,7.0,par10,,318.96,SAT11-INDU
sbs,7.0,par10,,15440.8,SAT11-RAND
sbs,7.0,number_unsolved_instances_False,,0.31,SAT11-RAND
sbs,7.0,number_unsolved_instances_True,,0.31,SAT11-RAND
oracle,7.0,par10,,195.96,SAT11-RAND
sbs,7.0,par10,,2894.2,SAT12-ALL
sbs,7.0,number_unsolved_instances_False,,0.23,SAT12-ALL
sbs,7.0,number_unsolved_instances_True,,0.23,SAT12-ALL
oracle,7.0,par10,,97.63,SAT12-ALL
sbs,7.0,par10,,3581.82,SAT12-HAND
sbs,7.0,number_unsolved_instances_False,,0.29,SAT12-HAND
sbs,7.0,number_unsolved_instances_True,,0.29,SAT12-HAND
oracle,7.0,par10,,118.85,SAT12-HAND
sbs,7.0,par10,,1207.75,SAT12-INDU
sbs,7.0,number_unsolved_instances_False,,0.09,SAT12-INDU
sbs,7.0,number_unsolved_instances_True,,0.09,SAT12-INDU
oracle,7.0,par10,,76.39,SAT12-INDU
sbs,7.0,par10,,368.42,SAT12-RAND
sbs,7.0,number_unsolved_instances_False,,0.03,SAT12-RAND
sbs,7.0,number_unsolved_instances_True,,0.03,SAT12-RAND
oracle,7.0,par10,,26.44,SAT12-RAND
sbs,7.0,par10,,1960.86,SAT15-INDU
sbs,7.0,number_unsolved_instances_False,,0.04,SAT15-INDU
sbs,7.0,number_unsolved_instances_True,,0.04,SAT15-INDU
oracle,7.0,par10,,240.65,SAT15-INDU
sbs,7.0,par10,,44.82,TSP-LION2015
sbs,7.0,number_unsolved_instances_False,,0.0,TSP-LION2015
sbs,7.0,number_unsolved_instances_True,,0.0,TSP-LION2015
sbs,8.0,par10,,578.71,ASP-POTASSCO
sbs,8.0,number_unsolved_instances_False,,0.09,ASP-POTASSCO
sbs,8.0,number_unsolved_instances_True,,0.09,ASP-POTASSCO
sbs,8.0,par10,,8238.99,BNSL-2016
sbs,8.0,number_unsolved_instances_False,,0.11,BNSL-2016
sbs,8.0,number_unsolved_instances_True,,0.11,BNSL-2016
sbs,8.0,par10,,3639.65,CPMP-2015
sbs,8.0,number_unsolved_instances_False,,0.1,CPMP-2015
sbs,8.0,number_unsolved_instances_True,,0.1,CPMP-2015
sbs,8.0,par10,,339.31,CSP-2010
sbs,8.0,number_unsolved_instances_False,,0.01,CSP-2010
sbs,8.0,number_unsolved_instances_True,,0.01,CSP-2010
oracle,8.0,par10,,52.66,CSP-2010
sbs,8.0,par10,,6300.49,CSP-MZN-2013
sbs,8.0,number_unsolved_instances_False,,0.34,CSP-MZN-2013
sbs,8.0,number_unsolved_instances_True,,0.34,CSP-MZN-2013
oracle,8.0,par10,,132.06,CSP-MZN-2013
sbs,8.0,par10,,1506.17,CSP-Minizinc-Time-2016
sbs,8.0,number_unsolved_instances_False,,0.12,CSP-Minizinc-Time-2016
sbs,8.0,number_unsolved_instances_True,,0.12,CSP-Minizinc-Time-2016
oracle,8.0,par10,,17.49,CSP-Minizinc-Time-2016
sbs,8.0,par10,,9104535.1,GRAPHS-2015
sbs,8.0,number_unsolved_instances_False,,0.01,GRAPHS-2015
sbs,8.0,number_unsolved_instances_True,,0.01,GRAPHS-2015
sbs,8.0,par10,,706.49,MAXSAT-PMS-2016
sbs,8.0,number_unsolved_instances_False,,0.04,MAXSAT-PMS-2016
sbs,8.0,number_unsolved_instances_True,,0.04,MAXSAT-PMS-2016
oracle,8.0,par10,,36.6,MAXSAT-PMS-2016
sbs,8.0,par10,,1634.07,MAXSAT-WPMS-2016
sbs,8.0,number_unsolved_instances_False,,0.09,MAXSAT-WPMS-2016
sbs,8.0,number_unsolved_instances_True,,0.09,MAXSAT-WPMS-2016
oracle,8.0,par10,,77.43,MAXSAT-WPMS-2016
sbs,8.0,par10,,2112.08,MAXSAT12-PMS
sbs,8.0,number_unsolved_instances_False,,0.1,MAXSAT12-PMS
sbs,8.0,number_unsolved_instances_True,,0.1,MAXSAT12-PMS
oracle,8.0,par10,,31.91,MAXSAT12-PMS
sbs,8.0,par10,,1181.0,MAXSAT15-PMS-INDU
sbs,8.0,number_unsolved_instances_False,,0.06,MAXSAT15-PMS-INDU
sbs,8.0,number_unsolved_instances_True,,0.06,MAXSAT15-PMS-INDU
oracle,8.0,par10,,24.66,MAXSAT15-PMS-INDU
sbs,8.0,par10,,3464.23,MIP-2016
sbs,8.0,number_unsolved_instances_False,,0.05,MIP-2016
sbs,8.0,number_unsolved_instances_True,,0.05,MIP-2016
oracle,8.0,par10,,194.09,MIP-2016
sbs,8.0,par10,,10943.59,PROTEUS-2014
sbs,8.0,number_unsolved_instances_False,,0.3,PROTEUS-2014
sbs,8.0,number_unsolved_instances_True,,0.3,PROTEUS-2014
sbs,8.0,par10,,6724.97,QBF-2011
sbs,8.0,number_unsolved_instances_False,,0.18,QBF-2011
sbs,8.0,number_unsolved_instances_True,,0.18,QBF-2011
oracle,8.0,par10,,63.83,QBF-2011
oracle,8.0,par10,,19.42,QBF-2014
sbs,8.0,par10,,1669.85,QBF-2014
sbs,8.0,number_unsolved_instances_False,,0.18,QBF-2014
sbs,8.0,number_unsolved_instances_True,,0.18,QBF-2014
oracle,8.0,par10,,9.07,QBF-2016
sbs,8.0,par10,,3291.53,QBF-2016
sbs,8.0,number_unsolved_instances_False,,0.18,QBF-2016
oracle,8.0,par10,,366.98,SAT11-HAND
sbs,8.0,number_unsolved_instances_True,,0.18,QBF-2016
sbs,8.0,par10,,16668.67,SAT11-HAND
sbs,8.0,number_unsolved_instances_False,,0.32,SAT11-HAND
sbs,8.0,number_unsolved_instances_True,,0.32,SAT11-HAND
oracle,8.0,par10,,452.46,SAT11-INDU
sbs,8.0,par10,,13691.49,SAT11-INDU
sbs,8.0,number_unsolved_instances_False,,0.27,SAT11-INDU
sbs,8.0,number_unsolved_instances_True,,0.27,SAT11-INDU
oracle,8.0,par10,,299.14,SAT11-RAND
sbs,8.0,par10,,14541.55,SAT11-RAND
sbs,8.0,number_unsolved_instances_False,,0.29,SAT11-RAND
sbs,8.0,number_unsolved_instances_True,,0.29,SAT11-RAND
oracle,8.0,par10,,71.72,SAT12-HAND
sbs,8.0,par10,,3724.24,SAT12-HAND
sbs,8.0,number_unsolved_instances_False,,0.3,SAT12-HAND
sbs,8.0,number_unsolved_instances_True,,0.3,SAT12-HAND
sbs,8.0,par10,,4059.05,SAT03-16_INDU
sbs,8.0,number_unsolved_instances_False,,0.08,SAT03-16_INDU
sbs,8.0,number_unsolved_instances_True,,0.1,SAT03-16_INDU
oracle,8.0,par10,,302.33,SAT15-INDU
sbs,8.0,par10,,1415.31,SAT12-INDU
oracle,8.0,par10,,75.4,SAT12-INDU
sbs,8.0,number_unsolved_instances_False,,0.11,SAT12-INDU
sbs,8.0,number_unsolved_instances_True,,0.11,SAT12-INDU
sbs,8.0,par10,,4470.89,SAT15-INDU
sbs,8.0,number_unsolved_instances_False,,0.11,SAT15-INDU
oracle,8.0,par10,,103.33,SAT12-ALL
sbs,8.0,par10,,2738.61,SAT12-ALL
sbs,8.0,number_unsolved_instances_True,,0.11,SAT15-INDU
sbs,8.0,number_unsolved_instances_False,,0.22,SAT12-ALL
sbs,8.0,number_unsolved_instances_True,,0.22,SAT12-ALL
sbs,9.0,par10,,4269.8,CPMP-2015
sbs,9.0,number_unsolved_instances_False,,0.11,CPMP-2015
sbs,9.0,number_unsolved_instances_True,,0.11,CPMP-2015
sbs,9.0,par10,,8837.84,BNSL-2016
sbs,9.0,number_unsolved_instances_False,,0.12,BNSL-2016
sbs,9.0,par10,,279.79,ASP-POTASSCO
sbs,9.0,number_unsolved_instances_True,,0.12,BNSL-2016
sbs,9.0,number_unsolved_instances_False,,0.04,ASP-POTASSCO
sbs,9.0,number_unsolved_instances_True,,0.04,ASP-POTASSCO
oracle,8.0,par10,,37.68,SAT12-RAND
oracle,9.0,par10,,166.25,CSP-2010
sbs,8.0,par10,,452.14,SAT12-RAND
sbs,8.0,number_unsolved_instances_False,,0.03,SAT12-RAND
oracle,9.0,par10,,10.33,CSP-Minizinc-Time-2016
sbs,8.0,number_unsolved_instances_True,,0.03,SAT12-RAND
sbs,9.0,par10,,1338.0,CSP-Minizinc-Time-2016
sbs,9.0,number_unsolved_instances_False,,0.11,CSP-Minizinc-Time-2016
sbs,9.0,par10,,1546.89,CSP-2010
sbs,9.0,number_unsolved_instances_True,,0.11,CSP-Minizinc-Time-2016
sbs,9.0,number_unsolved_instances_False,,0.03,CSP-2010
sbs,9.0,number_unsolved_instances_True,,0.03,CSP-2010
oracle,9.0,par10,,5.91,MAXSAT-PMS-2016
sbs,9.0,par10,,674.38,MAXSAT-PMS-2016
sbs,9.0,number_unsolved_instances_False,,0.04,MAXSAT-PMS-2016
sbs,9.0,number_unsolved_instances_True,,0.04,MAXSAT-PMS-2016
oracle,9.0,par10,,133.96,MAXSAT-WPMS-2016
oracle,9.0,par10,,46.77,MAXSAT12-PMS
sbs,9.0,par10,,1708.24,MAXSAT12-PMS
sbs,9.0,number_unsolved_instances_False,,0.08,MAXSAT12-PMS
sbs,9.0,par10,,897.71,MAXSAT-WPMS-2016
sbs,9.0,number_unsolved_instances_True,,0.08,MAXSAT12-PMS
sbs,9.0,number_unsolved_instances_False,,0.04,MAXSAT-WPMS-2016
sbs,9.0,number_unsolved_instances_True,,0.04,MAXSAT-WPMS-2016
oracle,9.0,par10,,203.33,MIP-2016
sbs,9.0,par10,,3848.14,MIP-2016
sbs,9.0,number_unsolved_instances_False,,0.05,MIP-2016
sbs,9.0,number_unsolved_instances_True,,0.05,MIP-2016
oracle,9.0,par10,,15.79,MAXSAT15-PMS-INDU
sbs,9.0,par10,,387.16,MAXSAT15-PMS-INDU
sbs,9.0,number_unsolved_instances_False,,0.02,MAXSAT15-PMS-INDU
sbs,9.0,number_unsolved_instances_True,,0.02,MAXSAT15-PMS-INDU
oracle,9.0,par10,,105.6,QBF-2011
oracle,9.0,par10,,109.79,CSP-MZN-2013
sbs,9.0,par10,,3759880.59,GRAPHS-2015
sbs,9.0,number_unsolved_instances_False,,0.0,GRAPHS-2015
sbs,9.0,number_unsolved_instances_True,,0.0,GRAPHS-2015
sbs,9.0,par10,,6426.97,CSP-MZN-2013
sbs,9.0,number_unsolved_instances_False,,0.35,CSP-MZN-2013
sbs,9.0,par10,,8344.43,QBF-2011
sbs,9.0,number_unsolved_instances_True,,0.35,CSP-MZN-2013
sbs,9.0,number_unsolved_instances_False,,0.23,QBF-2011
sbs,9.0,number_unsolved_instances_True,,0.23,QBF-2011
oracle,9.0,par10,,34.9,QBF-2014
sbs,9.0,par10,,2284.39,QBF-2014
sbs,9.0,number_unsolved_instances_False,,0.25,QBF-2014
sbs,9.0,number_unsolved_instances_True,,0.25,QBF-2014
oracle,9.0,par10,,11.02,QBF-2016
sbs,9.0,par10,,2273.99,QBF-2016
sbs,9.0,number_unsolved_instances_False,,0.12,QBF-2016
sbs,9.0,number_unsolved_instances_True,,0.12,QBF-2016
sbs,9.0,par10,,27533.02,SAT11-HAND
oracle,9.0,par10,,280.13,SAT11-HAND
sbs,9.0,number_unsolved_instances_False,,0.55,SAT11-HAND
sbs,9.0,number_unsolved_instances_True,,0.55,SAT11-HAND
oracle,9.0,par10,,548.59,SAT11-INDU
sbs,9.0,par10,,11263.18,SAT11-INDU
sbs,9.0,number_unsolved_instances_False,,0.21,SAT11-INDU
sbs,9.0,number_unsolved_instances_True,,0.21,SAT11-INDU
oracle,9.0,par10,,252.12,SAT11-RAND
sbs,9.0,par10,,19666.03,SAT11-RAND
sbs,9.0,number_unsolved_instances_False,,0.4,SAT11-RAND
sbs,9.0,number_unsolved_instances_True,,0.39,SAT11-RAND
sbs,9.0,par10,,3692.34,SAT03-16_INDU
oracle,9.0,par10,,161.89,SAT12-HAND
sbs,9.0,number_unsolved_instances_False,,0.08,SAT03-16_INDU
sbs,9.0,number_unsolved_instances_True,,0.1,SAT03-16_INDU
sbs,9.0,par10,,11439.46,PROTEUS-2014
sbs,9.0,number_unsolved_instances_False,,0.32,PROTEUS-2014
sbs,9.0,number_unsolved_instances_True,,0.32,PROTEUS-2014
sbs,9.0,par10,,5384.97,SAT12-HAND
sbs,9.0,number_unsolved_instances_False,,0.44,SAT12-HAND
sbs,9.0,number_unsolved_instances_True,,0.44,SAT12-HAND
sbs,9.0,par10,,3445.6,SAT12-ALL
sbs,9.0,number_unsolved_instances_False,,0.28,SAT12-ALL
sbs,9.0,number_unsolved_instances_True,,0.28,SAT12-ALL
oracle,9.0,par10,,96.61,SAT12-ALL
oracle,9.0,par10,,379.25,SAT15-INDU
sbs,9.0,par10,,6086.8,SAT15-INDU
sbs,9.0,number_unsolved_instances_False,,0.15,SAT15-INDU
sbs,9.0,number_unsolved_instances_True,,0.15,SAT15-INDU
oracle,9.0,par10,,120.19,SAT12-INDU
sbs,9.0,par10,,1803.64,SAT12-INDU
sbs,9.0,number_unsolved_instances_False,,0.14,SAT12-INDU
sbs,9.0,number_unsolved_instances_True,,0.14,SAT12-INDU
oracle,9.0,par10,,51.29,SAT12-RAND
sbs,9.0,par10,,299.53,SAT12-RAND
sbs,9.0,number_unsolved_instances_False,,0.02,SAT12-RAND
sbs,9.0,number_unsolved_instances_True,,0.02,SAT12-RAND
sbs,10.0,par10,,8674.53,CPMP-2015
sbs,10.0,number_unsolved_instances_False,,0.23,CPMP-2015
sbs,10.0,par10,,640.33,ASP-POTASSCO
sbs,10.0,number_unsolved_instances_True,,0.23,CPMP-2015
sbs,10.0,number_unsolved_instances_False,,0.1,ASP-POTASSCO
sbs,10.0,number_unsolved_instances_True,,0.1,ASP-POTASSCO
oracle,10.0,par10,,27.54,CSP-Minizinc-Time-2016
sbs,10.0,par10,,2667.69,CSP-Minizinc-Time-2016
oracle,10.0,par10,,145.79,CSP-2010
sbs,10.0,par10,,10805.74,BNSL-2016
sbs,10.0,number_unsolved_instances_False,,0.22,CSP-Minizinc-Time-2016
sbs,10.0,number_unsolved_instances_False,,0.14,BNSL-2016
sbs,10.0,number_unsolved_instances_True,,0.22,CSP-Minizinc-Time-2016
sbs,10.0,number_unsolved_instances_True,,0.14,BNSL-2016
sbs,10.0,par10,,986.08,CSP-2010
sbs,10.0,number_unsolved_instances_False,,0.02,CSP-2010
sbs,10.0,number_unsolved_instances_True,,0.02,CSP-2010
oracle,10.0,par10,,35.86,MAXSAT-PMS-2016
sbs,10.0,par10,,1644.92,MAXSAT-PMS-2016
sbs,10.0,number_unsolved_instances_False,,0.09,MAXSAT-PMS-2016
sbs,10.0,number_unsolved_instances_True,,0.09,MAXSAT-PMS-2016
sbs,10.0,par10,,1493.72,MAXSAT-WPMS-2016
sbs,10.0,number_unsolved_instances_False,,0.08,MAXSAT-WPMS-2016
sbs,10.0,number_unsolved_instances_True,,0.08,MAXSAT-WPMS-2016
oracle,10.0,par10,,153.71,MAXSAT-WPMS-2016
oracle,10.0,par10,,80.27,MAXSAT12-PMS
sbs,10.0,par10,,2045.73,MAXSAT12-PMS
sbs,10.0,number_unsolved_instances_False,,0.09,MAXSAT12-PMS
sbs,10.0,number_unsolved_instances_True,,0.09,MAXSAT12-PMS
sbs,10.0,par10,,3677.43,MIP-2016
oracle,10.0,par10,,281.95,MIP-2016
sbs,10.0,number_unsolved_instances_False,,0.05,MIP-2016
sbs,10.0,number_unsolved_instances_True,,0.05,MIP-2016
sbs,10.0,par10,,716.34,MAXSAT15-PMS-INDU
sbs,10.0,number_unsolved_instances_False,,0.04,MAXSAT15-PMS-INDU
sbs,10.0,number_unsolved_instances_True,,0.04,MAXSAT15-PMS-INDU
oracle,10.0,par10,,39.95,MAXSAT15-PMS-INDU
oracle,10.0,par10,,71.5,QBF-2011
sbs,10.0,par10,,8391.24,QBF-2011
sbs,10.0,number_unsolved_instances_False,,0.23,QBF-2011
sbs,10.0,number_unsolved_instances_True,,0.23,QBF-2011
oracle,10.0,par10,,42.37,QBF-2014
sbs,10.0,par10,,1353.53,QBF-2014
sbs,10.0,number_unsolved_instances_False,,0.14,QBF-2014
sbs,10.0,number_unsolved_instances_True,,0.14,QBF-2014
oracle,10.0,par10,,110.37,CSP-MZN-2013
sbs,10.0,par10,,11430306.21,GRAPHS-2015
sbs,10.0,par10,,6719.94,CSP-MZN-2013
sbs,10.0,number_unsolved_instances_False,,0.01,GRAPHS-2015
sbs,10.0,number_unsolved_instances_False,,0.37,CSP-MZN-2013
sbs,10.0,number_unsolved_instances_True,,0.37,CSP-MZN-2013
sbs,10.0,number_unsolved_instances_True,,0.01,GRAPHS-2015
oracle,10.0,par10,,3.42,QBF-2016
sbs,10.0,par10,,2364.57,QBF-2016
oracle,10.0,par10,,344.11,SAT11-HAND
sbs,10.0,number_unsolved_instances_False,,0.13,QBF-2016
sbs,10.0,number_unsolved_instances_True,,0.13,QBF-2016
sbs,10.0,par10,,13043.69,SAT11-HAND
sbs,10.0,number_unsolved_instances_False,,0.25,SAT11-HAND
sbs,10.0,number_unsolved_instances_True,,0.25,SAT11-HAND
oracle,10.0,par10,,252.01,SAT11-INDU
sbs,10.0,par10,,7048.56,SAT11-INDU
sbs,10.0,number_unsolved_instances_False,,0.14,SAT11-INDU
sbs,10.0,number_unsolved_instances_True,,0.14,SAT11-INDU
oracle,10.0,par10,,173.1,SAT11-RAND
sbs,10.0,par10,,18759.2,SAT11-RAND
sbs,10.0,number_unsolved_instances_False,,0.38,SAT11-RAND
sbs,10.0,number_unsolved_instances_True,,0.38,SAT11-RAND
oracle,10.0,par10,,177.66,SAT12-HAND
sbs,10.0,par10,,3674.12,SAT12-HAND
sbs,10.0,number_unsolved_instances_False,,0.3,SAT12-HAND
sbs,10.0,number_unsolved_instances_True,,0.3,SAT12-HAND
oracle,10.0,par10,,294.4,SAT15-INDU
sbs,10.0,par10,,4245.48,SAT15-INDU
sbs,10.0,number_unsolved_instances_False,,0.1,SAT15-INDU
sbs,10.0,number_unsolved_instances_True,,0.1,SAT15-INDU
oracle,10.0,par10,,76.52,SAT12-INDU
sbs,10.0,par10,,1324.83,SAT12-INDU
sbs,10.0,par10,,8956.75,PROTEUS-2014
sbs,10.0,number_unsolved_instances_False,,0.25,PROTEUS-2014
sbs,10.0,number_unsolved_instances_False,,0.1,SAT12-INDU
sbs,10.0,number_unsolved_instances_True,,0.25,PROTEUS-2014
sbs,10.0,number_unsolved_instances_True,,0.1,SAT12-INDU
sbs,10.0,par10,,2938.46,SAT03-16_INDU
sbs,10.0,number_unsolved_instances_False,,0.06,SAT03-16_INDU
sbs,10.0,number_unsolved_instances_True,,0.08,SAT03-16_INDU
oracle,10.0,par10,,85.85,SAT12-ALL
sbs,10.0,par10,,2895.61,SAT12-ALL
sbs,10.0,number_unsolved_instances_False,,0.23,SAT12-ALL
oracle,10.0,par10,,54.96,SAT12-RAND
sbs,10.0,number_unsolved_instances_True,,0.23,SAT12-ALL
sbs,10.0,par10,,544.37,SAT12-RAND
sbs,10.0,number_unsolved_instances_False,,0.04,SAT12-RAND
sbs,10.0,number_unsolved_instances_True,,0.04,SAT12-RAND
sbs,8.0,par10,,161.79,TSP-LION2015
sbs,8.0,number_unsolved_instances_False,,0.01,TSP-LION2015
sbs,8.0,number_unsolved_instances_True,,0.0,TSP-LION2015
sbs,9.0,par10,,45.34,TSP-LION2015
sbs,9.0,number_unsolved_instances_False,,0.0,TSP-LION2015
sbs,9.0,number_unsolved_instances_True,,0.0,TSP-LION2015
sbs,10.0,par10,,156.12,TSP-LION2015
sbs,10.0,number_unsolved_instances_False,,0.01,TSP-LION2015
sbs,10.0,number_unsolved_instances_True,,0.0,TSP-LION2015
oracle,1.0,par10,,280.63,CPMP-2015
oracle,2.0,par10,,233.74,CPMP-2015
oracle,3.0,par10,,215.57,CPMP-2015
oracle,1.0,par10,,195.98,BNSL-2016
oracle,2.0,par10,,175.22,BNSL-2016
oracle,3.0,par10,,269.82,BNSL-2016
oracle,1.0,par10,,24.75,ASP-POTASSCO
oracle,2.0,par10,,11.2,ASP-POTASSCO
oracle,3.0,par10,,18.07,ASP-POTASSCO
oracle,4.0,par10,,134.69,CPMP-2015
oracle,4.0,par10,,223.72,BNSL-2016
oracle,4.0,par10,,23.41,ASP-POTASSCO
oracle,2.0,par10,,329.09,SAT03-16_INDU
oracle,2.0,par10,,426331.1,GRAPHS-2015
oracle,1.0,par10,,224314.0,GRAPHS-2015
oracle,1.0,par10,,289.79,SAT03-16_INDU
oracle,5.0,par10,,263.42,CPMP-2015
oracle,3.0,par10,,418550.49,GRAPHS-2015
oracle,5.0,par10,,305.73,BNSL-2016
oracle,3.0,par10,,288.38,SAT03-16_INDU
oracle,5.0,par10,,14.94,ASP-POTASSCO
oracle,4.0,par10,,560384.1,GRAPHS-2015
oracle,6.0,par10,,273.38,CPMP-2015
oracle,2.0,par10,,18.68,PROTEUS-2014
oracle,1.0,par10,,12.42,PROTEUS-2014
oracle,6.0,par10,,154.67,BNSL-2016
oracle,6.0,par10,,26.1,ASP-POTASSCO
oracle,4.0,par10,,386.59,SAT03-16_INDU
oracle,3.0,par10,,27.82,PROTEUS-2014
oracle,7.0,par10,,171.49,CPMP-2015
oracle,7.0,par10,,188.85,BNSL-2016
oracle,4.0,par10,,20.46,PROTEUS-2014
oracle,7.0,par10,,29.84,ASP-POTASSCO
oracle,5.0,par10,,111378.25,GRAPHS-2015
oracle,5.0,par10,,306.58,SAT03-16_INDU
oracle,6.0,par10,,191965.69,GRAPHS-2015
oracle,8.0,par10,,24.29,ASP-POTASSCO
oracle,8.0,par10,,159.32,CPMP-2015
oracle,8.0,par10,,229.85,BNSL-2016
oracle,6.0,par10,,346.35,SAT03-16_INDU
oracle,5.0,par10,,18.89,PROTEUS-2014
oracle,7.0,par10,,502162.8,GRAPHS-2015
oracle,7.0,par10,,277.76,SAT03-16_INDU
oracle,9.0,par10,,207.27,CPMP-2015
oracle,9.0,par10,,15.51,ASP-POTASSCO
oracle,6.0,par10,,38.5,PROTEUS-2014
oracle,9.0,par10,,201.65,BNSL-2016
oracle,7.0,par10,,42.96,PROTEUS-2014
oracle,8.0,par10,,341702.35,GRAPHS-2015
oracle,8.0,par10,,333.03,SAT03-16_INDU
oracle,10.0,par10,,336.24,CPMP-2015
oracle,10.0,par10,,25.25,ASP-POTASSCO
oracle,10.0,par10,,253.03,BNSL-2016
oracle,8.0,par10,,12.71,PROTEUS-2014
oracle,9.0,par10,,128843.91,GRAPHS-2015
oracle,9.0,par10,,325.64,SAT03-16_INDU
oracle,9.0,par10,,19.39,PROTEUS-2014
oracle,10.0,par10,,486833.08,GRAPHS-2015
oracle,10.0,par10,,197.05,SAT03-16_INDU
oracle,10.0,par10,,51.22,PROTEUS-2014
oracle,3.0,par10,,28.89,TSP-LION2015
oracle,1.0,par10,,14.48,TSP-LION2015
oracle,2.0,par10,,18.52,TSP-LION2015
oracle,4.0,par10,,21.34,TSP-LION2015
oracle,5.0,par10,,18.02,TSP-LION2015
oracle,6.0,par10,,17.06,TSP-LION2015
oracle,7.0,par10,,17.22,TSP-LION2015
oracle,8.0,par10,,16.61,TSP-LION2015
oracle,9.0,par10,,18.32,TSP-LION2015
oracle,10.0,par10,,14.78,TSP-LION2015
